Order ID,ProductID,Quantity,Order Date
1,47,1,09-12-2024
2,12,3,09-14-2024
3,9,4,09-05-2024
4,31,1,09-12-2024
5,23,3,09-08-2024
6,10,1,09-21-2024
7,42,1,09-20-2024
8,31,5,09-05-2024
9,21,2,09-04-2024
10,37,4,09-10-2024
11,9,5,08-30-2024
12,29,2,09-23-2024
13,30,3,08-30-2024
14,7,1,09-17-2024
15,21,1,09-25-2024
16,3,4,09-01-2024
17,41,1,09-26-2024
18,37,4,09-13-2024
19,22,1,09-16-2024
20,19,1,09-13-2024
21,38,1,09-14-2024
22,17,2,09-12-2024
23,34,3,09-10-2024
24,18,3,09-16-2024
25,22,4,09-27-2024
26,35,2,09-20-2024
27,29,3,09-29-2024
28,17,5,09-03-2024
29,33,2,09-24-2024
30,7,3,09-13-2024
31,20,2,09-12-2024
32,21,3,09-17-2024
33,39,3,09-07-2024
34,49,2,09-12-2024
35,10,4,09-02-2024
36,1,1,09-01-2024
37,17,1,09-08-2024
38,31,5,09-13-2024
39,44,3,09-26-2024
40,46,2,09-17-2024
41,24,2,08-31-2024
42,24,2,09-22-2024
43,14,1,09-18-2024
44,15,4,09-11-2024
45,37,1,09-03-2024
46,3,1,09-01-2024
47,27,3,09-14-2024
48,26,2,09-21-2024
49,8,2,09-19-2024
50,43,4,09-28-2024
51,40,2,09-10-2024
52,4,3,09-11-2024
53,13,1,09-20-2024
54,24,5,09-07-2024
55,36,5,09-03-2024
56,19,2,09-23-2024
57,2,3,09-20-2024
58,17,1,09-07-2024
59,13,1,09-04-2024
60,16,1,08-31-2024
61,6,5,09-17-2024
62,25,2,09-28-2024
63,5,3,08-31-2024
64,25,1,09-13-2024
65,29,2,09-17-2024
66,36,3,09-13-2024
67,47,5,09-01-2024
68,35,5,09-05-2024
69,11,3,09-11-2024
70,8,2,09-27-2024
71,41,3,09-23-2024
72,27,3,09-04-2024
73,10,3,09-17-2024
74,49,1,09-10-2024
75,50,2,09-23-2024
76,32,2,09-29-2024
77,5,3,09-21-2024
78,46,1,09-03-2024
79,9,4,09-03-2024
80,21,4,09-11-2024
81,24,1,09-08-2024
82,21,4,09-25-2024
83,50,2,09-28-2024
84,10,1,09-27-2024
85,39,2,09-13-2024
86,17,4,09-26-2024
87,21,4,09-26-2024
88,27,5,09-26-2024
89,19,3,08-30-2024
90,13,5,09-17-2024
91,36,5,09-12-2024
92,47,5,08-30-2024
93,30,1,09-09-2024
94,49,5,09-22-2024
95,23,2,09-12-2024
96,9,3,09-08-2024
97,12,2,09-29-2024
98,18,5,09-05-2024
99,38,5,09-10-2024
100,26,2,09-29-2024
